{"EE_T_O": [1.0, 0.0, 0.0, 0.0, 0.0, 1.0, 0.0, 0.0, 0.0, 0.0, 1.0, 0.0, 0.0, 0.0, 0.058, 1.0], "EE_ob_com": [0.0, 0.0, 0.0], "O_T_o": [0.959391229907671, -0.281822341157854, 0.0103090430411366, 0.0, -0.281850669534268, -0.956973692956809, 0.0687254788238185, 0.0, -0.00950325689083426, -0.0688428731254665, -0.99758225070833, 0.0, 0.36662934034135, 0.263521062822302, 0.524228354803649, 1.0], "geometry": null, "grasp_width": 0.0, "mass": 0.224, "name": "cylinder_60", "ob_I": [0.0, 0.0, 0.0, 0.0, 0.0, 0.0, 0.0, 0.0, 0.0], "q_o": [0.526990819529483, -0.328311817710395, 0.0925564994392002, -2.16917920300128, -0.0215505486793236, 1.79463311832205, 0.90527395643048]}