{"EE_T_O": [1.0, 0.0, 0.0, 0.0, 0.0, 1.0, 0.0, 0.0, 0.0, 0.0, 1.0, 0.0, 0.0, 0.0, 0.058, 1.0], "EE_ob_com": [0.0, 0.0, 0.0], "O_T_o": [0.410958570403871, 0.910828759515434, -0.0382839995174776, 0.0, 0.911619350395929, -0.410819541479772, 0.0117942651287034, 0.0, -0.00498545049125582, -0.0397489138606504, -0.999197262371299, 0.0, 0.489031457302208, 0.307997996109007, 0.185913782133066, 1.0], "geometry": null, "grasp_width": 0.031, "mass": 0.112, "name": "cylinder_40", "ob_I": [0.0, 0.0, 0.0, 0.0, 0.0, 0.0, 0.0, 0.0, 0.0], "q_o": [0.48174125103365, 0.477923029136741, 0.0771328385479105, -2.10166884438127, -0.119822416610188, 2.54995714003005, -0.496031771922871]}