{"EE_T_O": [1.0, 0.0, 0.0, 0.0, 0.0, 1.0, 0.0, 0.0, 0.0, 0.0, 1.0, 0.0, 0.0, 0.0, 0.0, 1.0], "EE_ob_com": [0.0, 0.0, 0.0], "O_T_o": [0.6436593643069367, -0.7652855835291764, -0.0014962453911565483, 0.0, -0.7647415673969084, -0.6431255447458469, -0.03900652712751998, 0.0, 0.028889967450493298, 0.026252164523737943, -0.9992378063496837, 0.0, 0.5007450605288235, -0.02890560939912162, 0.5523791707157902, 1.0], "geometry": null, "grasp_width": 0.0, "mass": 0.0, "name": "feature_default", "ob_I": [0.0, 0.0, 0.0, 0.0, 0.0, 0.0, 0.0, 0.0, 0.0], "q_o": [-0.021568620702398466, -0.20051293548157334, -0.037080454192663495, -1.988360743874003, 0.02113114173225905, 1.815260900577477, 0.8086954718109004]}