{"EE_T_O": [1.0, 0.0, 0.0, 0.0, 0.0, 1.0, 0.0, 0.0, 0.0, 0.0, 1.0, 0.0, 0.0, 0.0, 0.0, 1.0], "EE_ob_com": [0.0, 0.0, 0.0], "O_T_o": [0.959389515673729, -0.281828110579101, 0.0103108520799022, 0.0, -0.281856616302421, -0.956972449365147, 0.0687184063442443, 0.0, -0.00949994166632717, -0.0688365410033008, -0.997582719242388, 0.0, 0.366630876149657, 0.26352069818154, 0.524230850905605, 1.0], "geometry": {"radius": 0.025, "depth": 0.036}, "grasp_width": 0.0, "mass": 0.0, "name": "hole_50", "ob_I": [0.0, 0.0, 0.0, 0.0, 0.0, 0.0, 0.0, 0.0, 0.0], "q_o": [0.526991708014366, -0.328311109101408, 0.0925527705312848, -2.16917363488047, -0.0215486158993509, 1.79463466358185, 0.905276994725457]}