{"EE_T_O": [1.0, 0.0, 0.0, 0.0, 0.0, 1.0, 0.0, 0.0, 0.0, 0.0, 1.0, 0.0, 0.0, 0.0, 0.0, 1.0], "EE_ob_com": [0.0, 0.0, 0.0], "O_T_o": [0.4108486488803451, 0.9108920588293469, -0.037956359713498034, 0.0, 0.9116705870346591, -0.4107001124222093, 0.011991612074129191, 0.0, -0.004665795968801956, -0.03953195079134625, -0.9992074135106325, 0.0, 0.48906755455269435, 0.30811905305035225, 0.18606552470291113, 1.0], "geometry": {"depth": 0.036, "radius": 0.02}, "grasp_width": 0.0, "mass": 0.0, "name": "hole_40", "ob_I": [0.0, 0.0, 0.0, 0.0, 0.0, 0.0, 0.0, 0.0, 0.0], "q_o": [0.4818466082246679, 0.4777770687463214, 0.07717806420139546, -2.101498824537865, -0.11981538442327759, 2.5500227524993297, -0.496030190305741]}