{"EE_T_O": [1.0, 0.0, 0.0, 0.0, 0.0, 1.0, 0.0, 0.0, 0.0, 0.0, 1.0, 0.0, 0.0, 0.0, 0.03, 1.0], "EE_ob_com": [0.0, 0.0, 0.0], "O_T_o": [-0.6400005399118577, -0.19812002208340362, -0.7423674333711539, 0.0, -0.7023237163538046, -0.24099501524072325, 0.6697943269720763, 0.0, -0.31161847134046883, 0.9500874306016194, 0.015093128643277776, 0.0, 0.17116477693277368, 0.5184757688941721, 0.16390864704790115, 1.0], "geometry": null, "grasp_width": 0.03410070016980171, "mass": 0.011, "name": "key_chest", "ob_I": [0.0, 0.0, 0.0, 0.0, 0.0, 0.0, 0.0, 0.0, 0.0], "q_o": [0.6306830490738359, 0.5809083787454917, 0.5208867617446026, -2.2191797269624507, 2.24650105995947, 2.0263772093454997, 0.85919117018746]}