{"EE_T_O": [1.0, 0.0, 0.0, 0.0, 0.0, 1.0, 0.0, 0.0, 0.0, 0.0, 1.0, 0.0, 0.0, 0.0, 0.05, 1.0], "EE_ob_com": [0.0, 0.0, 0.0], "O_T_o": [0.690633465904492, -0.722366537375194, -0.0342584561998014, 0.0, -0.722688113923452, -0.6911344817082, 0.00408148938185042, 0.0, -0.0266265531066556, 0.0219402075574146, -0.999404649760044, 0.0, 0.581340321304975, 0.0167382146833155, 0.207987791914208, 1.0], "geometry": null, "grasp_width": 0.034, "mass": 0.021, "name": "key_abus_e30", "ob_I": [0.0, 0.0, 0.0, 0.0, 0.0, 0.0, 0.0, 0.0, 0.0], "q_o": [0.294047448789864, 0.453266830539721, -0.26416221315062, -2.08854160024794, 0.228647268616785, 2.48977501423548, 0.67712603243707]}