{"EE_T_O": [1.0, 0.0, 0.0, 0.0, 0.0, 1.0, 0.0, 0.0, 0.0, 0.0, 1.0, 0.0, 0.0, 0.0, 0.0, 1.0], "EE_ob_com": [0.0, 0.0, 0.0], "O_T_o": [0.690242425647122, -0.722790489085801, -0.0331804625006503, 0.0, -0.723107620897409, -0.690699449692967, 0.00335844633642907, 0.0, -0.0253461525289202, 0.0216757346266648, -0.99944371281247, 0.0, 0.581610943218729, 0.016362163975347, 0.20817705717687, 1.0], "geometry": {"depth": 0.026, "radius": 0.01}, "grasp_width": 0.0, "mass": 0.0, "name": "lock_abus_e30", "ob_I": [0.0, 0.0, 0.0, 0.0, 0.0, 0.0, 0.0, 0.0, 0.0], "q_o": [0.293734896582547, 0.453415763076989, -0.264516598444727, -2.08807734104201, 0.228656475799209, 2.49068751879094, 0.677124251885219]}