{"EE_T_O": [1.0, 0.0, 0.0, 0.0, 0.0, 1.0, 0.0, 0.0, 0.0, 0.0, 1.0, 0.0, 0.0, 0.0, 0.0, 1.0], "EE_ob_com": [0.0, 0.0, 0.0], "O_T_o": [-0.6400169972146801, -0.19813866672754485, -0.7423482689355495, 0.0, -0.7023183244637221, -0.24094935840597856, 0.6698164063189923, 0.0, -0.3115968215535372, 0.950095122764165, 0.015055845956945202, 0.0, 0.17116357537241525, 0.5184677137517034, 0.1638956993955387, 1.0], "geometry": {"depth": 0.019, "radius": 0.01}, "grasp_width": 0.0, "mass": 0.0, "name": "lock_chest", "ob_I": [0.0, 0.0, 0.0, 0.0, 0.0, 0.0, 0.0, 0.0, 0.0], "q_o": [0.6306723234887692, 0.5809250923567064, 0.5208936506848247, -2.219191945933817, 2.2465203732993206, 2.02640722677443, 0.8591860118874485]}